{
  "formatVersion": 1,
  "database": {
    "version": 1,
    "identityHash": "51ec3bfc4a3d74db6e5137f5fbac6fe4",
    "entities": [
      {
        "tableName": "Puntuacion",
        "createSql": "CREATE TABLE IF NOT EXISTS `${TABLE_NAME}` (`pid` INTEGER PRIMARY KEY AUTOINCREMENT NOT NULL, `Nombre` TEXT, `Puntuacion` INTEGER NOT NULL)",
        "fields": [
          {
            "fieldPath": "pid",
            "columnName": "pid",
            "affinity": "INTEGER",
            "notNull": true
          },
          {
            "fieldPath": "nombre",
            "columnName": "Nombre",
            "affinity": "TEXT",
            "notNull": false
          },
          {
            "fieldPath": "puntuacion",
            "columnName": "Puntuacion",
            "affinity": "INTEGER",
            "notNull": true
          }
        ],
        "primaryKey": {
          "columnNames": [
            "pid"
          ],
          "autoGenerate": true
        },
        "indices": [],
        "foreignKeys": []
      }
    ],
    "views": [],
    "setupQueries": [
      "CREATE TABLE IF NOT EXISTS room_master_table (id INTEGER PRIMARY KEY,identity_hash TEXT)",
      "INSERT OR REPLACE INTO room_master_table (id,identity_hash) VALUES(42, '51ec3bfc4a3d74db6e5137f5fbac6fe4')"
    ]
  }
}